Old File ID,New File ID,Label
Normal(1).png,0.png,0
Normal(2).png,1.png,0
Normal(3).png,2.png,0
Normal(4).png,3.png,0
Normal(5).png,4.png,0
Normal(6).png,5.png,0
Normal(7).png,6.png,0
Normal(8).png,7.png,0
Normal(9).png,8.png,0
Normal(10).png,9.png,0
Normal(11).png,10.png,0
Normal(12).png,11.png,0
Normal(13).png,12.png,0
Normal(14).png,13.png,0
Normal(15).png,14.png,0
Normal(16).png,15.png,0
Normal(17).png,16.png,0
Normal(18).png,17.png,0
Normal(19).png,18.png,0
Normal(20).png,19.png,0
Normal(21).png,20.png,0
Normal(22).png,21.png,0
Normal(23).png,22.png,0
Normal(24).png,23.png,0
Normal(25).png,24.png,0
Normal(26).png,25.png,0
Normal(27).png,26.png,0
Normal(28).png,27.png,0
Normal(29).png,28.png,0
Normal(30).png,29.png,0
Normal(31).png,30.png,0
Normal(32).png,31.png,0
Normal(33).png,32.png,0
Normal(34).png,33.png,0
Normal(35).png,34.png,0
Normal(36).png,35.png,0
Normal(37).png,36.png,0
Normal(38).png,37.png,0
Normal(39).png,38.png,0
Normal(40).png,39.png,0
Normal(41).png,40.png,0
Normal(42).png,41.png,0
Normal(43).png,42.png,0
Normal(44).png,43.png,0
Normal(45).png,44.png,0
Normal(46).png,45.png,0
Normal(47).png,46.png,0
Normal(48).png,47.png,0
Normal(49).png,48.png,0
Normal(50).png,49.png,0
Normal(51).png,50.png,0
Normal(52).png,51.png,0
Normal(53).png,52.png,0
Normal(54).png,53.png,0
Normal(55).png,54.png,0
Normal(56).png,55.png,0
Normal(57).png,56.png,0
Normal(58).png,57.png,0
Normal(59).png,58.png,0
Normal(60).png,59.png,0
Normal(61).png,60.png,0
Normal(62).png,61.png,0
Normal(63).png,62.png,0
Normal(64).png,63.png,0
Normal(65).png,64.png,0
Normal(66).png,65.png,0
Normal(67).png,66.png,0
Normal(68).png,67.png,0
Normal(69).png,68.png,0
Normal(70).png,69.png,0
Normal(71).png,70.png,0
Normal(72).png,71.png,0
Normal(73).png,72.png,0
Normal(74).png,73.png,0
Normal(75).png,74.png,0
Normal(76).png,75.png,0
Normal(77).png,76.png,0
Normal(78).png,77.png,0
Normal(79).png,78.png,0
Normal(80).png,79.png,0
Normal(81).png,80.png,0
Normal(82).png,81.png,0
Normal(83).png,82.png,0
Normal(84).png,83.png,0
Normal(85).png,84.png,0
Normal(86).png,85.png,0
Normal(87).png,86.png,0
Normal(88).png,87.png,0
Normal(89).png,88.png,0
Normal(90).png,89.png,0
Normal(91).png,90.png,0
Normal(92).png,91.png,0
Normal(93).png,92.png,0
Normal(94).png,93.png,0
Normal(95).png,94.png,0
Normal(96).png,95.png,0
Normal(97).png,96.png,0
Normal(98).png,97.png,0
Normal(99).png,98.png,0
Normal(100).png,99.png,0
Normal(101).png,100.png,0
Normal(102).png,101.png,0
Normal(103).png,102.png,0
Normal(104).png,103.png,0
Normal(105).png,104.png,0
Normal(106).png,105.png,0
Normal(107).png,106.png,0
Normal(108).png,107.png,0
Normal(109).png,108.png,0
Normal(110).png,109.png,0
Normal(111).png,110.png,0
Normal(112).png,111.png,0
Normal(113).png,112.png,0
Normal(114).png,113.png,0
Normal(115).png,114.png,0
Normal(116).png,115.png,0
Normal(117).png,116.png,0
Normal(118).png,117.png,0
Normal(119).png,118.png,0
Normal(120).png,119.png,0
Normal(121).png,120.png,0
Normal(122).png,121.png,0
Normal(123).png,122.png,0
Normal(124).png,123.png,0
Normal(125).png,124.png,0
Normal(126).png,125.png,0
Normal(127).png,126.png,0
Normal(128).png,127.png,0
Normal(129).png,128.png,0
Normal(130).png,129.png,0
Normal(131).png,130.png,0
Normal(132).png,131.png,0
Normal(133).png,132.png,0
Benign(1).png,133.png,1
Benign(2).png,134.png,1
Benign(3).png,135.png,1
Benign(4).png,136.png,1
Benign(5).png,137.png,1
Benign(6).png,138.png,1
Benign(7).png,139.png,1
Benign(8).png,140.png,1
Benign(9).png,141.png,1
Benign(10).png,142.png,1
Benign(11).png,143.png,1
Benign(12).png,144.png,1
Benign(13).png,145.png,1
Benign(14).png,146.png,1
Benign(15).png,147.png,1
Benign(16).png,148.png,1
Benign(17).png,149.png,1
Benign(18).png,150.png,1
Benign(19).png,151.png,1
Benign(20).png,152.png,1
Benign(21).png,153.png,1
Benign(22).png,154.png,1
Benign(23).png,155.png,1
Benign(24).png,156.png,1
Benign(25).png,157.png,1
Benign(26).png,158.png,1
Benign(27).png,159.png,1
Benign(28).png,160.png,1
Benign(29).png,161.png,1
Benign(30).png,162.png,1
Benign(31).png,163.png,1
Benign(32).png,164.png,1
Benign(33).png,165.png,1
Benign(34).png,166.png,1
Benign(35).png,167.png,1
Benign(36).png,168.png,1
Benign(37).png,169.png,1
Benign(38).png,170.png,1
Benign(39).png,171.png,1
Benign(40).png,172.png,1
Benign(41).png,173.png,1
Benign(42).png,174.png,1
Benign(43).png,175.png,1
Benign(44).png,176.png,1
Benign(45).png,177.png,1
Benign(46).png,178.png,1
Benign(47).png,179.png,1
Benign(48).png,180.png,1
Benign(49).png,181.png,1
Benign(50).png,182.png,1
Benign(51).png,183.png,1
Benign(52).png,184.png,1
Benign(53).png,185.png,1
Benign(54).png,186.png,1
Benign(55).png,187.png,1
Benign(56).png,188.png,1
Benign(57).png,189.png,1
Benign(58).png,190.png,1
Benign(59).png,191.png,1
Benign(60).png,192.png,1
Benign(61).png,193.png,1
Benign(62).png,194.png,1
Benign(63).png,195.png,1
Benign(64).png,196.png,1
Benign(65).png,197.png,1
Benign(66).png,198.png,1
Benign(67).png,199.png,1
Benign(68).png,200.png,1
Benign(69).png,201.png,1
Benign(70).png,202.png,1
Benign(71).png,203.png,1
Benign(72).png,204.png,1
Benign(73).png,205.png,1
Benign(74).png,206.png,1
Benign(75).png,207.png,1
Benign(76).png,208.png,1
Benign(77).png,209.png,1
Benign(78).png,210.png,1
Benign(79).png,211.png,1
Benign(80).png,212.png,1
Benign(81).png,213.png,1
Benign(82).png,214.png,1
Benign(83).png,215.png,1
Benign(84).png,216.png,1
Benign(85).png,217.png,1
Benign(86).png,218.png,1
Benign(87).png,219.png,1
Benign(88).png,220.png,1
Benign(89).png,221.png,1
Benign(90).png,222.png,1
Benign(91).png,223.png,1
Benign(92).png,224.png,1
Benign(93).png,225.png,1
Benign(94).png,226.png,1
Benign(95).png,227.png,1
Benign(96).png,228.png,1
Benign(97).png,229.png,1
Benign(98).png,230.png,1
Benign(99).png,231.png,1
Benign(100).png,232.png,1
Benign(101).png,233.png,1
Benign(102).png,234.png,1
Benign(103).png,235.png,1
Benign(104).png,236.png,1
Benign(105).png,237.png,1
Benign(106).png,238.png,1
Benign(107).png,239.png,1
Benign(108).png,240.png,1
Benign(109).png,241.png,1
Benign(110).png,242.png,1
Benign(111).png,243.png,1
Benign(112).png,244.png,1
Benign(113).png,245.png,1
Benign(114).png,246.png,1
Benign(115).png,247.png,1
Benign(116).png,248.png,1
Benign(117).png,249.png,1
Benign(118).png,250.png,1
Benign(119).png,251.png,1
Benign(120).png,252.png,1
Benign(121).png,253.png,1
Benign(122).png,254.png,1
Benign(123).png,255.png,1
Benign(124).png,256.png,1
Benign(125).png,257.png,1
Benign(126).png,258.png,1
Benign(127).png,259.png,1
Benign(128).png,260.png,1
Benign(129).png,261.png,1
Benign(130).png,262.png,1
Benign(131).png,263.png,1
Benign(132).png,264.png,1
Benign(133).png,265.png,1
Benign(134).png,266.png,1
Benign(135).png,267.png,1
Benign(136).png,268.png,1
Benign(137).png,269.png,1
Benign(138).png,270.png,1
Benign(139).png,271.png,1
Benign(140).png,272.png,1
Benign(141).png,273.png,1
Benign(142).png,274.png,1
Benign(143).png,275.png,1
Benign(144).png,276.png,1
Benign(145).png,277.png,1
Benign(146).png,278.png,1
Benign(147).png,279.png,1
Benign(148).png,280.png,1
Benign(149).png,281.png,1
Benign(150).png,282.png,1
Benign(151).png,283.png,1
Benign(152).png,284.png,1
Benign(153).png,285.png,1
Benign(154).png,286.png,1
Benign(155).png,287.png,1
Benign(156).png,288.png,1
Benign(157).png,289.png,1
Benign(158).png,290.png,1
Benign(159).png,291.png,1
Benign(160).png,292.png,1
Benign(161).png,293.png,1
Benign(162).png,294.png,1
Benign(163).png,295.png,1
Benign(164).png,296.png,1
Benign(165).png,297.png,1
Benign(166).png,298.png,1
Benign(167).png,299.png,1
Benign(168).png,300.png,1
Benign(169).png,301.png,1
Benign(170).png,302.png,1
Benign(171).png,303.png,1
Benign(172).png,304.png,1
Benign(173).png,305.png,1
Benign(174).png,306.png,1
Benign(175).png,307.png,1
Benign(176).png,308.png,1
Benign(177).png,309.png,1
Benign(178).png,310.png,1
Benign(179).png,311.png,1
Benign(180).png,312.png,1
Benign(181).png,313.png,1
Benign(182).png,314.png,1
Benign(183).png,315.png,1
Benign(184).png,316.png,1
Benign(185).png,317.png,1
Benign(186).png,318.png,1
Benign(187).png,319.png,1
Benign(188).png,320.png,1
Benign(189).png,321.png,1
Benign(190).png,322.png,1
Benign(191).png,323.png,1
Benign(192).png,324.png,1
Benign(193).png,325.png,1
Benign(194).png,326.png,1
Benign(195).png,327.png,1
Benign(196).png,328.png,1
Benign(197).png,329.png,1
Benign(198).png,330.png,1
Benign(199).png,331.png,1
Benign(200).png,332.png,1
Benign(201).png,333.png,1
Benign(202).png,334.png,1
Benign(203).png,335.png,1
Benign(204).png,336.png,1
Benign(205).png,337.png,1
Benign(206).png,338.png,1
Benign(207).png,339.png,1
Benign(208).png,340.png,1
Benign(209).png,341.png,1
Benign(210).png,342.png,1
Benign(211).png,343.png,1
Benign(212).png,344.png,1
Benign(213).png,345.png,1
Benign(214).png,346.png,1
Benign(215).png,347.png,1
Benign(216).png,348.png,1
Benign(217).png,349.png,1
Benign(218).png,350.png,1
Benign(219).png,351.png,1
Benign(220).png,352.png,1
Benign(221).png,353.png,1
Benign(222).png,354.png,1
Benign(223).png,355.png,1
Benign(224).png,356.png,1
Benign(225).png,357.png,1
Benign(226).png,358.png,1
Benign(227).png,359.png,1
Benign(228).png,360.png,1
Benign(229).png,361.png,1
Benign(230).png,362.png,1
Benign(231).png,363.png,1
Benign(232).png,364.png,1
Benign(233).png,365.png,1
Benign(234).png,366.png,1
Benign(235).png,367.png,1
Benign(236).png,368.png,1
Benign(237).png,369.png,1
Benign(238).png,370.png,1
Benign(239).png,371.png,1
Benign(240).png,372.png,1
Benign(241).png,373.png,1
Benign(242).png,374.png,1
Benign(243).png,375.png,1
Benign(244).png,376.png,1
Benign(245).png,377.png,1
Benign(246).png,378.png,1
Benign(247).png,379.png,1
Benign(248).png,380.png,1
Benign(249).png,381.png,1
Benign(250).png,382.png,1
Benign(251).png,383.png,1
Benign(252).png,384.png,1
Benign(253).png,385.png,1
Benign(254).png,386.png,1
Benign(255).png,387.png,1
Benign(256).png,388.png,1
Benign(257).png,389.png,1
Benign(258).png,390.png,1
Benign(259).png,391.png,1
Benign(260).png,392.png,1
Benign(261).png,393.png,1
Benign(262).png,394.png,1
Benign(263).png,395.png,1
Benign(264).png,396.png,1
Benign(265).png,397.png,1
Benign(266).png,398.png,1
Benign(267).png,399.png,1
Benign(268).png,400.png,1
Benign(269).png,401.png,1
Benign(270).png,402.png,1
Benign(271).png,403.png,1
Benign(272).png,404.png,1
Benign(273).png,405.png,1
Benign(274).png,406.png,1
Benign(275).png,407.png,1
Benign(276).png,408.png,1
Benign(277).png,409.png,1
Benign(278).png,410.png,1
Benign(279).png,411.png,1
Benign(280).png,412.png,1
Benign(281).png,413.png,1
Benign(282).png,414.png,1
Benign(283).png,415.png,1
Benign(284).png,416.png,1
Benign(285).png,417.png,1
Benign(286).png,418.png,1
Benign(287).png,419.png,1
Benign(288).png,420.png,1
Benign(289).png,421.png,1
Benign(290).png,422.png,1
Benign(291).png,423.png,1
Benign(292).png,424.png,1
Benign(293).png,425.png,1
Benign(294).png,426.png,1
Benign(295).png,427.png,1
Benign(296).png,428.png,1
Benign(297).png,429.png,1
Benign(298).png,430.png,1
Benign(299).png,431.png,1
Benign(300).png,432.png,1
Benign(301).png,433.png,1
Benign(302).png,434.png,1
Benign(303).png,435.png,1
Benign(304).png,436.png,1
Benign(305).png,437.png,1
Benign(306).png,438.png,1
Benign(307).png,439.png,1
Benign(308).png,440.png,1
Benign(309).png,441.png,1
Benign(310).png,442.png,1
Benign(311).png,443.png,1
Benign(312).png,444.png,1
Benign(313).png,445.png,1
Benign(314).png,446.png,1
Benign(315).png,447.png,1
Benign(316).png,448.png,1
Benign(317).png,449.png,1
Benign(318).png,450.png,1
Benign(319).png,451.png,1
Benign(320).png,452.png,1
Benign(321).png,453.png,1
Benign(322).png,454.png,1
Benign(323).png,455.png,1
Benign(324).png,456.png,1
Benign(325).png,457.png,1
Benign(326).png,458.png,1
Benign(327).png,459.png,1
Benign(328).png,460.png,1
Benign(329).png,461.png,1
Benign(330).png,462.png,1
Benign(331).png,463.png,1
Benign(332).png,464.png,1
Benign(333).png,465.png,1
Benign(334).png,466.png,1
Benign(335).png,467.png,1
Benign(336).png,468.png,1
Benign(337).png,469.png,1
Benign(338).png,470.png,1
Benign(339).png,471.png,1
Benign(340).png,472.png,1
Benign(341).png,473.png,1
Benign(342).png,474.png,1
Benign(343).png,475.png,1
Benign(344).png,476.png,1
Benign(345).png,477.png,1
Benign(346).png,478.png,1
Benign(347).png,479.png,1
Benign(348).png,480.png,1
Benign(349).png,481.png,1
Benign(350).png,482.png,1
Benign(351).png,483.png,1
Benign(352).png,484.png,1
Benign(353).png,485.png,1
Benign(354).png,486.png,1
Benign(355).png,487.png,1
Benign(356).png,488.png,1
Benign(357).png,489.png,1
Benign(358).png,490.png,1
Benign(359).png,491.png,1
Benign(360).png,492.png,1
Benign(361).png,493.png,1
Benign(362).png,494.png,1
Benign(363).png,495.png,1
Benign(364).png,496.png,1
Benign(365).png,497.png,1
Benign(366).png,498.png,1
Benign(367).png,499.png,1
Benign(368).png,500.png,1
Benign(369).png,501.png,1
Benign(370).png,502.png,1
Benign(371).png,503.png,1
Benign(372).png,504.png,1
Benign(373).png,505.png,1
Benign(374).png,506.png,1
Benign(375).png,507.png,1
Benign(376).png,508.png,1
Benign(377).png,509.png,1
Benign(378).png,510.png,1
Benign(379).png,511.png,1
Benign(380).png,512.png,1
Benign(381).png,513.png,1
Benign(382).png,514.png,1
Benign(383).png,515.png,1
Benign(384).png,516.png,1
Benign(385).png,517.png,1
Benign(386).png,518.png,1
Benign(387).png,519.png,1
Benign(388).png,520.png,1
Benign(389).png,521.png,1
Benign(390).png,522.png,1
Benign(391).png,523.png,1
Benign(392).png,524.png,1
Benign(393).png,525.png,1
Benign(394).png,526.png,1
Benign(395).png,527.png,1
Benign(396).png,528.png,1
Benign(397).png,529.png,1
Benign(398).png,530.png,1
Benign(399).png,531.png,1
Benign(400).png,532.png,1
Benign(401).png,533.png,1
Benign(402).png,534.png,1
Benign(403).png,535.png,1
Benign(404).png,536.png,1
Benign(405).png,537.png,1
Benign(406).png,538.png,1
Benign(407).png,539.png,1
Benign(408).png,540.png,1
Benign(409).png,541.png,1
Benign(410).png,542.png,1
Benign(411).png,543.png,1
Benign(412).png,544.png,1
Benign(413).png,545.png,1
Benign(414).png,546.png,1
Benign(415).png,547.png,1
Benign(416).png,548.png,1
Benign(417).png,549.png,1
Benign(418).png,550.png,1
Benign(419).png,551.png,1
Benign(420).png,552.png,1
Benign(421).png,553.png,1
Benign(422).png,554.png,1
Benign(423).png,555.png,1
Benign(424).png,556.png,1
Benign(425).png,557.png,1
Benign(426).png,558.png,1
Benign(427).png,559.png,1
Benign(428).png,560.png,1
Benign(429).png,561.png,1
Benign(430).png,562.png,1
Benign(431).png,563.png,1
Benign(432).png,564.png,1
Benign(433).png,565.png,1
Benign(434).png,566.png,1
Benign(435).png,567.png,1
Benign(436).png,568.png,1
Benign(437).png,569.png,1
Malignant(1).png,570.png,2
Malignant(2).png,571.png,2
Malignant(3).png,572.png,2
Malignant(4).png,573.png,2
Malignant(5).png,574.png,2
Malignant(6).png,575.png,2
Malignant(7).png,576.png,2
Malignant(8).png,577.png,2
Malignant(9).png,578.png,2
Malignant(10).png,579.png,2
Malignant(11).png,580.png,2
Malignant(12).png,581.png,2
Malignant(13).png,582.png,2
Malignant(14).png,583.png,2
Malignant(15).png,584.png,2
Malignant(16).png,585.png,2
Malignant(17).png,586.png,2
Malignant(18).png,587.png,2
Malignant(19).png,588.png,2
Malignant(20).png,589.png,2
Malignant(21).png,590.png,2
Malignant(22).png,591.png,2
Malignant(23).png,592.png,2
Malignant(24).png,593.png,2
Malignant(25).png,594.png,2
Malignant(26).png,595.png,2
Malignant(27).png,596.png,2
Malignant(28).png,597.png,2
Malignant(29).png,598.png,2
Malignant(30).png,599.png,2
Malignant(31).png,600.png,2
Malignant(32).png,601.png,2
Malignant(33).png,602.png,2
Malignant(34).png,603.png,2
Malignant(35).png,604.png,2
Malignant(36).png,605.png,2
Malignant(37).png,606.png,2
Malignant(38).png,607.png,2
Malignant(39).png,608.png,2
Malignant(40).png,609.png,2
Malignant(41).png,610.png,2
Malignant(42).png,611.png,2
Malignant(43).png,612.png,2
Malignant(44).png,613.png,2
Malignant(45).png,614.png,2
Malignant(46).png,615.png,2
Malignant(47).png,616.png,2
Malignant(48).png,617.png,2
Malignant(49).png,618.png,2
Malignant(50).png,619.png,2
Malignant(51).png,620.png,2
Malignant(52).png,621.png,2
Malignant(53).png,622.png,2
Malignant(54).png,623.png,2
Malignant(55).png,624.png,2
Malignant(56).png,625.png,2
Malignant(57).png,626.png,2
Malignant(58).png,627.png,2
Malignant(59).png,628.png,2
Malignant(60).png,629.png,2
Malignant(61).png,630.png,2
Malignant(62).png,631.png,2
Malignant(63).png,632.png,2
Malignant(64).png,633.png,2
Malignant(65).png,634.png,2
Malignant(66).png,635.png,2
Malignant(67).png,636.png,2
Malignant(68).png,637.png,2
Malignant(69).png,638.png,2
Malignant(70).png,639.png,2
Malignant(71).png,640.png,2
Malignant(72).png,641.png,2
Malignant(73).png,642.png,2
Malignant(74).png,643.png,2
Malignant(75).png,644.png,2
Malignant(76).png,645.png,2
Malignant(77).png,646.png,2
Malignant(78).png,647.png,2
Malignant(79).png,648.png,2
Malignant(80).png,649.png,2
Malignant(81).png,650.png,2
Malignant(82).png,651.png,2
Malignant(83).png,652.png,2
Malignant(84).png,653.png,2
Malignant(85).png,654.png,2
Malignant(86).png,655.png,2
Malignant(87).png,656.png,2
Malignant(88).png,657.png,2
Malignant(89).png,658.png,2
Malignant(90).png,659.png,2
Malignant(91).png,660.png,2
Malignant(92).png,661.png,2
Malignant(93).png,662.png,2
Malignant(94).png,663.png,2
Malignant(95).png,664.png,2
Malignant(96).png,665.png,2
Malignant(97).png,666.png,2
Malignant(98).png,667.png,2
Malignant(99).png,668.png,2
Malignant(100).png,669.png,2
Malignant(101).png,670.png,2
Malignant(102).png,671.png,2
Malignant(103).png,672.png,2
Malignant(104).png,673.png,2
Malignant(105).png,674.png,2
Malignant(106).png,675.png,2
Malignant(107).png,676.png,2
Malignant(108).png,677.png,2
Malignant(109).png,678.png,2
Malignant(110).png,679.png,2
Malignant(111).png,680.png,2
Malignant(112).png,681.png,2
Malignant(113).png,682.png,2
Malignant(114).png,683.png,2
Malignant(115).png,684.png,2
Malignant(116).png,685.png,2
Malignant(117).png,686.png,2
Malignant(118).png,687.png,2
Malignant(119).png,688.png,2
Malignant(120).png,689.png,2
Malignant(121).png,690.png,2
Malignant(122).png,691.png,2
Malignant(123).png,692.png,2
Malignant(124).png,693.png,2
Malignant(125).png,694.png,2
Malignant(126).png,695.png,2
Malignant(127).png,696.png,2
Malignant(128).png,697.png,2
Malignant(129).png,698.png,2
Malignant(130).png,699.png,2
Malignant(131).png,700.png,2
Malignant(132).png,701.png,2
Malignant(133).png,702.png,2
Malignant(134).png,703.png,2
Malignant(135).png,704.png,2
Malignant(136).png,705.png,2
Malignant(137).png,706.png,2
Malignant(138).png,707.png,2
Malignant(139).png,708.png,2
Malignant(140).png,709.png,2
Malignant(141).png,710.png,2
Malignant(142).png,711.png,2
Malignant(143).png,712.png,2
Malignant(144).png,713.png,2
Malignant(145).png,714.png,2
Malignant(146).png,715.png,2
Malignant(147).png,716.png,2
Malignant(148).png,717.png,2
Malignant(149).png,718.png,2
Malignant(150).png,719.png,2
Malignant(151).png,720.png,2
Malignant(152).png,721.png,2
Malignant(153).png,722.png,2
Malignant(154).png,723.png,2
Malignant(155).png,724.png,2
Malignant(156).png,725.png,2
Malignant(157).png,726.png,2
Malignant(158).png,727.png,2
Malignant(159).png,728.png,2
Malignant(160).png,729.png,2
Malignant(161).png,730.png,2
Malignant(162).png,731.png,2
Malignant(163).png,732.png,2
Malignant(164).png,733.png,2
Malignant(165).png,734.png,2
Malignant(166).png,735.png,2
Malignant(167).png,736.png,2
Malignant(168).png,737.png,2
Malignant(169).png,738.png,2
Malignant(170).png,739.png,2
Malignant(171).png,740.png,2
Malignant(172).png,741.png,2
Malignant(173).png,742.png,2
Malignant(174).png,743.png,2
Malignant(175).png,744.png,2
Malignant(176).png,745.png,2
Malignant(177).png,746.png,2
Malignant(178).png,747.png,2
Malignant(179).png,748.png,2
Malignant(180).png,749.png,2
Malignant(181).png,750.png,2
Malignant(182).png,751.png,2
Malignant(183).png,752.png,2
Malignant(184).png,753.png,2
Malignant(185).png,754.png,2
Malignant(186).png,755.png,2
Malignant(187).png,756.png,2
Malignant(188).png,757.png,2
Malignant(189).png,758.png,2
Malignant(190).png,759.png,2
Malignant(191).png,760.png,2
Malignant(192).png,761.png,2
Malignant(193).png,762.png,2
Malignant(194).png,763.png,2
Malignant(195).png,764.png,2
Malignant(196).png,765.png,2
Malignant(197).png,766.png,2
Malignant(198).png,767.png,2
Malignant(199).png,768.png,2
Malignant(200).png,769.png,2
Malignant(201).png,770.png,2
Malignant(202).png,771.png,2
Malignant(203).png,772.png,2
Malignant(204).png,773.png,2
Malignant(205).png,774.png,2
Malignant(206).png,775.png,2
Malignant(207).png,776.png,2
Malignant(208).png,777.png,2
Malignant(209).png,778.png,2
Malignant(210).png,779.png,2
